Algorithm,Makespan (s),Total Wait Time (s),Avg Exec Time (s),Imbalance Degree
HEFT,50.005092,79.9550000000454,17.93375000000524,1.4212086150413217
SHC,27.930257,86.06500000000233,12.552550000000338,1.428522491445856
RR,118.648724,332.6740000000864,14.159550000002492,0.4190811148648124
FCFS,102.001988,194.46999999994296,14.183799999990152,1.0084039538077627
